,sequence,offset,accession,alignment
0,MFIFLLFLTLTSG--------------SDLDRCTTFD---------DVQA-------PNYTQHTSSMRGVYYPDEIFRSDTLYLTQDLFLPFYSNVTGFH--TINH--------------------TFDNPVIPFKDGIYFAATEKSNV-------------------VRGWVFGSTMNNKSQSVII--IN--------------------NSTNVVIRACN---------FELCDNPFFAVSKP-M-GT---QTHTMIFDNAFNCTFEYISDAFSLDVSE-KSGNF--KHLREFVFKNKDGFLYVYKGYQPIDVV----RDLPSGFNTLKPIFKLPLGINITNFRAILTAFSP----------AQDTWGTSAAAYFVGYLKPTTFMLKYDENGTITDAVDCSQNPLAELKCSVKSFEIDKGIYQTSNFRVVPSGDVVRF-PNITN-LCPFGEVF--NATKFPSVYAWERKKISNCVADYSVLYNS-TFFSTFKCYGVSATKLNDLCFSNVYADSFVVKGDDVRQIAPGQTGVIADYNYKLPDDFMGCVLAWNTRNIDATS---------------------------TGNYNYKYRYLRHGKLRPFERDISNVPFS-------------------PDGKPCT-PPALNCYW---------------------------PLNDY--------------------------GFY-----------------------------------T-----TTGIGYQPYRVVVLSFELLNAPATVCGPK-L-----STDLIKNQCVNFNFNGLTGTGVLTP-SSKRFQPFQQFGRDVSDFTDSVRDPKTSEILDISPCSFGGVSVITPGTNASSEVAVLYQDVNCTDVSTAIHADQLTPAWRIYST-----GNNVFQTQAGCLIGAEHVDT----SYECDIPIGAGICASYHTVSL----L-RSTS-----QKSIVAYTMSLG-ADSSIAYSNNTIAIPTNFSISITTEVMPVSMAKTSVDCNMYICGDSTECANLLLQYGSFCTQLNRALSGIAAEQDRNTREVFAQVKQMY--KTPTLK----YFGGFNFSQILPDPL-----------KPTKRSFIEDLLFNKVTLADAGFMKQYGECLG---DINARDLICAQKFNGLTVLPPLLTDDMIAAYTAALVSGTATAGWTFGAGAALQIPFAMQMAYRFNGIGVTQNVLYENQKQIANQFNKAISQIQESLTTTSTALGKLQDVVNQNAQALNTLVKQLSSNFGAISSVLNDILSRLDKVEAEVQIDRLITGRLQSLQTYVTQQLIRAAEIRASANLAATKMSECVLGQSKRVDFCGKGYHLMSFPQAAPHGVVFLHVTYVPSQERNFTTAPAICHE---GKAYFPREGVFVFNGT----------SWFITQRNFFSPQIIT-TDNTFVSGNCDVVIGIINNTVYDPLQ--PELDSFKEELDKYFKNHTSPDVDLGD-----ISGINASVVNIQKEIDRLNEVAKNLNESLIDLQELGKYEQYIKWPWYVWLGFIAGLIAIVMVTILLCCMTSCCSCLKGACSCGSCCK-FDEDDSEPVLKGVKLHYT,4,AAP30030.1,20200505
1,-------------------------------RCTTFD---------DVQA-------PNYTQHTSSMRGVYYPDEIFRSDTLYLTQDLFLPFYSNVTGFH--TINH--------------------TFDNPVIPFKDGIYFAATEKSNV-------------------VRGWVFGSTMNNKSQSVII--IN--------------------NSTNVVIRACN---------FELCDNPFFAVSKP-M-GT---QTHTMIFDNAFNCTFEYISDAFSLDVSE-KSGNF--KHLREFVFKNKDGFLYVYKGYQPIDVV----RDLPSGFNTLKPIFKLPLGINITNFRAILTAFS--------------TWGTSAAAYFVGYLKPTTFMLKYDENGTITDAVDCSQNPLAELKCSVKSFEIDKGIYQTSNFRVVPSGDVVR--------LCPFGEVF--NATKFPSVYAWERKKISNCVADYSVLYNS-TFFSTFKCYGVSATKLNDLCFSNVYADSFVVKGDDVRQIAPGQTGVIADYNYKLPDDFMGCVLAWNTRNIDATS---------------------------TGNYNYKYRYLRHGKLRPFERDISNVPFS-------------------PDGKPCT-PPALNCYW---------------------------PLNDY--------------------------GFY-----------------------------------T-----TTGIGYQPYRVVVLSFE---------------------DLIKNQCVNFNFNGLTGTGVLTP-SSKRFQPFQQFGRDVSDFTDSVRDPKTSEILDISPCSFGGVSVITPGTNASSEVAVLYQDVNCTDVSTAIHADQLTPAWRIYST-----GNNVFQTQAGCLIGAEHVDT----SYECDIPIGAGICASYHT-------------------KSIVAYTMSLG-ADSSIAYSNNTIAIPTNFSISITTEVMPVSMAKTSVDCNMYICGDSTECANLLLQYGSFCTQLNRALSGIAAEQDRNTREVFAQVKQMY--KTPTLK----YFGGFNFSQILPDPL-----------KPTKRSFIEDLLFNKV-----------------------TDLICAQKFNGLTVLPPLLTDDMIAAYTAALVSGTATAGWTFGAGAALQIPFAMQMAYRFNGIGVTQNVLYENQKQIANQFNKAISQIQESLTTTSTALGKLQDVVNQNAQALNTLVKQLSSNFGAISSVLNDILSRLDKVEAEVQIDRLITGRLQSLQTYVTQQLIRAAEIRASANLAATKMSECVLGQSKRVDFCGKGYHLMSFPQAAPHGVVFLHVTYVPSQERNFTTAPAICHE---GKAYFPREGVFVFNGT----------SWFITQRNFFSPQIIT-TDNTFV---------------------------------------------------------------------------------------------------------------------------------------------------------------,4,PDB.5X5B:A,20200505
2,-------------------------------RCTTFD---------DVQA-------PNYTQHTSSMRGVYYPDEIFRSDTLYLTQDLFLPFYSNVTGFH--TINH--------------------TFDNPVIPFKDGIYFAATEKSNV-------------------VRGWVFGSTMNNKSQSVII--IN--------------------NSTNVVIRACN---------FELCDNPFFAVSKP-M-GT---QTHTMIFDNAFNCTFEYISDAFSLDVSE-KSGNF--KHLREFVFKNKDGFLYVYKGYQPIDVV----RDLPSGFNTLKPIFKLPLGINITNFRAILTAFS--------------TWGTSAAAYFVGYLKPTTFMLKYDENGTITDAVDCSQNPLAELKCSVKSFEIDKGIYQTSNFRVVPSGDVVRF-PNITN-LCPFGEVF--NATKFPSVYAWERKKISNCVADYSVLYNS-TFFSTFKCYGVSATKLNDLCFSNVYADSFVVKGDDVRQIAPGQTGVIADYNYKLPDDFMGCVLAWNTRNIDATS---------------------------TGNYNYKYRYLRHGKLRPFERDISNVPFS-------------------PDGKPCT-PPALNCYW---------------------------PLNDY--------------------------GFY-----------------------------------T-----TTGIGYQPYRVVVLSFELLNAPATVCGPK-L-----STDLIKNQCVNFNFNGLTGTGVLTP-SSKRFQPFQQFGRDVSDFTDSVRDPKTSEILDISPCSFGGVSVITPGTNASSEVAVLYQDVNCTDVSTAIHADQLTPAWRIYST-----GNNVFQTQAGCLIGAEHVDT----SYECDIPIGAGICASYHT--------------------SIVAYTMSLG-ADSSIAYSNNTIAIPTNFSISITTEVMPVSMAKTSVDCNMYICGDSTECANLLLQYGSFCTQLNRALSGIAAEQDRNTREVFAQVKQMY--KTPTLK----YFGGFNFSQILPDPL-----------KPTKRSFIEDLLFNKV-----------------------T-LICAQKFNGLTVLPPLLTDDMIAAYTAALVSGTATAGWTFGAGAALQIPFAMQMAYRFNGIGVTQNVLYENQKQIANQFNKAISQIQESLTTTSTALGKLQDVVNQNAQALNTLVKQLSSNFGAISSVLNDILSRLDKVEAEVQIDRLITGRLQSLQTYVTQQLIRAAEIRASANLAATKMSECVLGQSKRVDFCGKGYHLMSFPQAAPHGVVFLHVTYVPSQERNFTTAPAICHE---GKAYFPREGVFVFNGT----------SWFITQRNFFSPQIIT-TDNTFV---------------------------------------------------------------------------------------------------------------------------------------------------------------,4,PDB.5X58:C,20200505
3,-------------------------------RCTTFD---------DVQA-------PNYTQHTSSMRGVYYPDEIFRSDTLYLTQDLFLPFYSNVTGFH--TINH--------------------TFDNPVIPFKDGIYFAATEKSNV-------------------VRGWVFGSTMNNKSQSVII--IN--------------------NSTNVVIRACN---------FELCDNPFFAVSKP-M-GT---QTHTMIFDNAFNCTFEYISDAFSLDVSE-KSGNF--KHLREFVFKNKDGFLYVYKGYQPIDVV----RDLPSGFNTLKPIFKLPLGINITNFRAILTAFS--------------TWGTSAAAYFVGYLKPTTFMLKYDENGTITDAVDCSQNPLAELKCSVKSFEIDKGIYQTSNFRVVPSGDVVRF-PNITN-LCPFGEVF--NATKFPSVYAWERKKISNCVADYSVLYNS-TFFSTFKCYGVSATKLNDLCFSNVYADSFVVKGDDVRQIAPGQTGVIADYNYKLPDDFMGCVLAWNTRNIDATS---------------------------TGNYNYKYRYLRHGKLRPFERDISNVPFS-------------------PDGKPCT-PPALNCYW---------------------------PLNDY--------------------------GFY-----------------------------------T-----TTGIGYQPYRVVVLSFELLNAPATVCGPK-L-----STDLIKNQCVNFNFNGLTGTGVLTP-SSKRFQPFQQFGRDVSDFTDSVRDPKTSEILDISPCSFGGVSVITPGTNASSEVAVLYQDVNCTDVSTAIHADQLTPAWRIYST-----GNNVFQTQAGCLIGAEHVDT----SYECDIPIGAGICASYHT-------------------KSIVAYTMSLG-ADSSIAYSNNTIAIPTNFSISITTEVMPVSMAKTSVDCNMYICGDSTECANLLLQYGSFCTQLNRALSGIAAEQDRNTREVFAQVKQMY--KTPTLK----YFGGFNFSQILPDPL-----------KPTKRSFIEDLLFNKV-----------------------TDLICAQKFNGLTVLPPLLTDDMIAAYTAALVSGTATAGWTFGAGAALQIPFAMQMAYRFNGIGVTQNVLYENQKQIANQFNKAISQIQESLTTTSTALGKLQDVVNQNAQALNTLVKQLSSNFGAISSVLNDILSRLDKVEAEVQIDRLITGRLQSLQTYVTQQLIRAAEIRASANLAATKMSECVLGQSKRVDFCGKGYHLMSFPQAAPHGVVFLHVTYVPSQERNFTTAPAICHE---GKAYFPREGVFVFNGT----------SWFITQRNFFSPQIIT-TDNTFV---------------------------------------------------------------------------------------------------------------------------------------------------------------,4,PDB.5X58:A,20200505
4,-------------------------------RCTTFD---------DVQA-------PNYTQHTSSMRGVYYPDEIFRSDTLYLTQDLFLPFYSNVTGFH--TINH--------------------TFDNPVIPFKDGIYFAATEKSNV-------------------VRGWVFGSTMNNKSQSVII--IN--------------------NSTNVVIRACN---------FELCDNPFFAVSKP-M-GT---QTHTMIFDNAFNCTFEYISDAFSLDVSE-KSGNF--KHLREFVFKNKDGFLYVYKGYQPIDVV----RDLPSGFNTLKPIFKLPLGINITNFRAILTAFS--------------TWGTSAAAYFVGYLKPTTFMLKYDENGTITDAVDCSQNPLAELKCSVKSFEIDKGIYQTSNFRVVPSGDVVRF-PNITN-LCPFGEVF--NATKFPSVYAWERKKISNCVADYSVLYNS-TFFSTFKCYGVSATKLNDLCFSNVYADSFVVKGDDVRQIAPGQTGVIADYNYKLPDDFMGCVLAWNTRNIDATS---------------------------TGNYNYKYRYLRHGKLRPFERDISNVPFS-------------------PDGKPCT-PPALNCYW---------------------------PLNDY--------------------------GFY-----------------------------------T-----TTGIGYQPYRVVVLSFELLNAPATVCGPK-L-----STDLIKNQCVNFNFNGLTGTGVLTP-SSKRFQPFQQFGRDVSDFTDSVRDPKTSEILDISPCSFGGVSVITPGTNASSEVAVLYQDVNCTDVSTAIHADQLTPAWRIYST-----GNNVFQTQAGCLIGAEHVDT----SYECDIPIGAGICASYHT-------------------KSIVAYTMSLG-ADSSIAYSNNTIAIPTNFSISITTEVMPVSMAKTSVDCNMYICGDSTECANLLLQYGSFCTQLNRALSGIAAEQDRNTREVFAQVKQMY--KTPTLK----YFGGFNFSQILPDPL-----------KPTKRSFIEDLLFNKV-----------------------T-LICAQKFNGLTVLPPLLTDDMIAAYTAALVSGTATAGWTFGAGAALQIPFAMQMAYRFNGIGVTQNVLYENQKQIANQFNKAISQIQESLTTTSTALGKLQDVVNQNAQALNTLVKQLSSNFGAISSVLNDILSRLDKVEAEVQIDRLITGRLQSLQTYVTQQLIRAAEIRASANLAATKMSECVLGQSKRVDFCGKGYHLMSFPQAAPHGVVFLHVTYVPSQERNFTTAPAICHE---GKAYFPREGVFVFNGT----------SWFITQRNFFSPQIIT-TDNTFV---------------------------------------------------------------------------------------------------------------------------------------------------------------,4,PDB.5X58:B,20200505
5,-------------------------------RCTTFD---------DVQA-------PNYTQHTSSMRGVYYPDEIFRSDTLYLTQDLFLPFYSNVTGFH--TINH--------------------TFDNPVIPFKDGIYFAATEKSNV-------------------VRGWVFGSTMNNKSQSVII--IN--------------------NSTNVVIRACN---------FELCDNPFFAVSKP-M-GT---QTHTMIFDNAFNCTFEYISDAFSLDVSE-KSGNF--KHLREFVFKNKDGFLYVYKGYQPIDVV----RDLPSGFNTLKPIFKLPLGINITNFRAILTAFS--------------TWGTSAAAYFVGYLKPTTFMLKYDENGTITDAVDCSQNPLAELKCSVKSFEIDKGIYQTSNFRVVPSGDVVRF-PNITN-LCPFGEVF--NATKFPSVYAWERKKISNCVADYSVLYNS-TFFSTFKCYGVSATKLNDLCFSNVYADSFVVKGDDVRQIAPGQTGVIADYNYKLPDDFMGCVLAWNTRNIDATS---------------------------TGNYNYKYRYLRHGKLRPFERDISNVPFS-------------------PDGKPCT-PPALNCYW---------------------------PLNDY--------------------------GFY-----------------------------------T-----TTGIGYQPYRVVVLSFELLNAPATVCGPK-L-----STDLIKNQCVNFNFNGLTGTGVLTP-SSKRFQPFQQFGRDVSDFTDSVRDPKTSEILDISPCSFGGVSVITPGTNASSEVAVLYQDVNCTDVSTAIHADQLTPAWRIYST-----GNNVFQTQAGCLIGAEHVDT----SYECDIPIGAGICASYHT-------------------KSIVAYTMSLG-ADSSIAYSNNTIAIPTNFSISITTEVMPVSMAKTSVDCNMYICGDSTECANLLLQYGSFCTQLNRALSGIAAEQDRNTREVFAQVKQMY--KTPTLK----YFGGFNFSQILPDPL-----------KPTKRSFIEDLLFNKV-----------------------T-LICAQKFNGLTVLPPLLTDDMIAAYTAALVSGTATAGWTFGAGAALQIPFAMQMAYRFNGIGVTQNVLYENQKQIANQFNKAISQIQESLTTTSTALGKLQDVVNQNAQALNTLVKQLSSNFGAISSVLNDILSRLDKVEAEVQIDRLITGRLQSLQTYVTQQLIRAAEIRASANLAATKMSECVLGQSKRVDFCGKGYHLMSFPQAAPHGVVFLHVTYVPSQERNFTTAPAICHE---GKAYFPREGVFVFNGT----------SWFITQRNFFSPQIIT-TDNTFV---------------------------------------------------------------------------------------------------------------------------------------------------------------,4,PDB.5X5B:B,20200505
6,-------------------------------RCTTFD---------DVQA-------PNYTQHTSSMRGVYYPDEIFRSDTLYLTQDLFLPFYSNVTGFH--TINH--------------------TFDNPVIPFKDGIYFAATEKSNV-------------------VRGWVFGSTMNNKSQSVII--IN--------------------NSTNVVIRACN---------FELCDNPFFAVSKP-M-GT---QTHTMIFDNAFNCTFEYISDAFSLDVSE-KSGNF--KHLREFVFKNKDGFLYVYKGYQPIDVV----RDLPSGFNTLKPIFKLPLGINITNFRAILTAFS--------------TWGTSAAAYFVGYLKPTTFMLKYDENGTITDAVDCSQNPLAELKCSVKSFEIDKGIYQTSNFRVVPSGDVVRF-PNITN-LCPFGEVF--NATKFPSVYAWERKKISNCVADYSVLYNS-TFFSTFKCYGVSATKLNDLCFSNVYADSFVVKGDDVRQIAPGQTGVIADYNYKLPDDFMGCVLAWNTRNIDATS---------------------------TGNYNYKYRYLRHGKLRPFERDISNVPFS-------------------PDGKPCT-PPALNCYW---------------------------PLNDY--------------------------GFY-----------------------------------T-----TTGIGYQPYRVVVLSFELLNAPATVCGPK-L-----STDLIKNQCVNFNFNGLTGTGVLTP-SSKRFQPFQQFGRDVSDFTDSVRDPKTSEILDISPCSFGGVSVITPGTNASSEVAVLYQDVNCTDVSTAIHADQLTPAWRIYST-----GNNVFQTQAGCLIGAEHVDT----SYECDIPIGAGICASYHT-------------------KSIVAYTMSLG-ADSSIAYSNNTIAIPTNFSISITTEVMPVSMAKTSVDCNMYICGDSTECANLLLQYGSFCTQLNRALSGIAAEQDRNTREVFAQVKQMY--KTPTLK----YFGGFNFSQILPDPL-----------KPTKRSFIEDLLFNKV-----------------------T-LICAQKFNGLTVLPPLLTDDMIAAYTAALVSGTATAGWTFGAGAALQIPFAMQMAYRFNGIGVTQNVLYENQKQIANQFNKAISQIQESLTTTSTALGKLQDVVNQNAQALNTLVKQLSSNFGAISSVLNDILSRLDKVEAEVQIDRLITGRLQSLQTYVTQQLIRAAEIRASANLAATKMSECVLGQSKRVDFCGKGYHLMSFPQAAPHGVVFLHVTYVPSQERNFTTAPAICHE---GKAYFPREGVFVFNGT----------SWFITQRNFFSPQIIT-TDNTFV---------------------------------------------------------------------------------------------------------------------------------------------------------------,4,PDB.5X5B:C,20200505
7,MIHSVFLLMFLLTPT-------ESYVDVGPDSVKSACIEVD--------IQQTFFD---KTWPRPIDVSKADGIIYPQGRTYSNITITYQGLFPYQGDHGDMYVYSAGHA--TG-------TTPQKLFVANYSQDVKQFANGFVVRIGAAANSTGTVIISP--STSATIRKIYPAFMLGSSVGNFSD-GKMGRFFNHTLVLLPDGCGTLLRAFYCILEPRSGNHCPAGNSY--TSFATYHTPATDCS-DGNYNRNASLNSFKEYFNLRNCTFMY---TYNITEDE--ILEW-------FGITQTAQGVHLFSSRYVDLYG-----------GNMFQFATLPVYDT---IKYYSIIPHSIRSI-QSD--RKA-----WAAFYVYKLQPLTFLLDFSVDGYIRRAIDCGFNDLSQLHCSYESFDVESGVYSVSSFEAKPSGSVVEQ-AEGVECD--FSPLL---SGTPPQVYNFKRLVFTNCNYNLTKLLSL-FSVNDFTCSQISPAAIASNCYSSLILDYFSYPLSMKSDLSVSSAGPISQFNYKQSFSNPTCLILATVPHNLTT-----I----------------------TKPLKYSYINKCSRLLSDD-RTEVPQLVN-------------------ANQYS-------PCVSIVPSTVWEDGD------------YYRKQLSPLEGGG-----------------WLVASGST------------------------------------------VAMTEQLQMGFGITVQYGTDTNSVCPKLEFAN-DTKIASQLGNCVEYSLYGVSGRGVFQN-CTAVGVRQQRFVYDAYQNLVGYYSD-DGNYYCLRACVSVPVSVIYDK--ETKTHATLFGSVACEHISSTMSQY-SRSTRS-MLKRRD-STYGPLQTPVGCVLGLVNSSL-FVE--DCKLPLGQSLCALPDTPSTLTPRS-VRSVPGEMRLASIAFNHPIQVD---QLNSSYFKLSIPTNFSFGVTQEYIQTTIQKVTVDCKQYVCNGFQKCEQLLREYGQFCSKINQALHGANLRQDDSVRNLFASVKSSQ--SSPIIPG---FGGDFNLTLLEPVSISTG-S-R------SARSAIEDLLFDKVTIADPGYMQGYDDCM-QQGPASARDLICAQYVAGYKVLPPLMDVNMEAAYTSSLLGSIAGVGWTAGLSSFAAIPFAQSIFYRLNGVGITQQVLSENQKLIANKFNQALGAMQTGFTTTNEAFQKVQDAVNNNAQALSKLASELSNTFGAISASIGDIIQRLDVLEQDAQIDRLINGRLTTLNAFVAQQLVRSESAALSAQLAKDKVNECVKAQSKRSGFCGQGTHIVSFVVNAPNGLYFMHVGYYPSNHIEVVSAYGLCDAANPTNCIAPVNGYFIKTNNT-----RIVDEWSYTGSSFYAPEPIT-SLNTKYVAP-QVTYQNISTNLPPPLLGNSTGIDFQDELDEFFKNVSTSIPNFGS-----LTQINTTLLDLTYEMLSLQQVVKALNESYIDLKELGNYTYYNKWPWYIWLGFIAGLVALALCVFFILCCTGCGTNCMGKLKCNRCCDRYEEYDLEPHKVHVH-----,0,AFS88936.1,20200505
8,------------------------TVDVGPDSVKSACIEVD--------IQQTFFD---KTWPRPIDVSKADGIIYPQGRTYSNITITYQGLFPYQGDHGDMYVYSAGHA--TG-------TTPQKLFVANYSQDVKQFANGFVVRIGAAANSTGTVIISP--STSATIRKIYPAFMLGSSVGNFSD-GKMGRFFNHTLVLLPDGCGTLLRAFYCILEPRSGNHCPAGNSY--TSFATYHTPATDCS-DGNYNRNASLNSFKEYFNLRNCTFMY---TYNITEDE--ILEW-------FGITQTAQGVHLFSSRYVDLYG-----------GNMFQFATLPVYDT---IKYYSIIPHSIRSI-QSD--RKA-----WAAFYVYKLQPLTFLLDFSVDGYIRRAIDCGFNDLSQLHCSYESFDVESGVYSVSSFEAKPSGSVVEQ-AEGVECD--FSPLL---SGTPPQVYNFKRLVFTNCNYNLTKLLSL-FSVNDFTCSQISPAAIASNCYSSLILDYFSYPLSMKSDLSVSSAGPISQFNYKQSFSNPTCLILATVPHNLTT-----I----------------------TKPLKYSYINKCSRLLSDD-RTEVPQLVN-------------------ANQYS-------PCVSIVPSTVWEDGD------------YYRKQLSPLEGGG-----------------WLVASGST------------------------------------------VAMTEQLQMGFGITVQYGTDTNSVCPKLEFAN-DTKIASQLGNCVEYSLYGVSGRGVFQN-CTAVGVRQQRFVYDAYQNLVGYYSD-DGNYYCLRACVSVPVSVIYDK--ETKTHATLFGSVACEHI------------------------YGPLQTPVGCVLGLVNSSL-FVE--DCKLPLGQSLCALPDT-------------PGEMRLASIAFNHPIQVD---QLNSSYFKLSIPTNFSFGVTQEYIQTTIQKVTVDCKQYVCNGFQKCEQLLREYGQFCSKINQALHGANLRQDDSVRNLFASVKSSQ--SSPIIPG---FGGDFNLTLLEPV----------------ARSAIEDLLFDKVTIADPGYMQGYDDCM-QQGPASARDLICAQYVAGYKVLPPLMDVNMEAAYTSSLLGSIAGVGWTAGLSSFAAIPFAQSIFYRLNGVGITQQVLSENQKLIANKFNQALGAMQTGFTTTNEAFQKVQDAVNNNAQALSKLASELSNTFGAISASIGDIIQRLDPPEQDAQIDRLINGRLTTLNAFVAQQLVRSESAALSAQLAKDKVNECVKAQSKRSGFCGQGTHIVSFVVNAPNGLYFMHVGYYPSNHIEVVSAYGLCDAANPTNCIAPVNGYFIKT------------EWSYTGSSFYAPEPIT-SLNTKYVAP-QVTYQNISTNLPPPLLG-------------------------------------------------------------------------------------------------------------------------------------------,0,PDB.6Q04:A,20200505
9,------------------------TVDVGPDSVKSACIEVD--------IQQTFFD---KTWPRPIDVSKADGIIYPQGRTYSNITITYQGLFPYQGDHGDMYVYSAGHA--TG-------TTPQKLFVANYSQDVKQFANGFVVRIGAAANSTGTVIISP--STSATIRKIYPAFMLGSSVGNFSD-GKMGRFFNHTLVLLPDGCGTLLRAFYCILEPRSGNHCPAGNSY--TSFATYHTPATDCS-DGNYNRNASLNSFKEYFNLRNCTFMY---TYNITEDE--ILEW-------FGITQTAQGVHLFSSRYVDLYG-----------GNMFQFATLPVYDT---IKYYSIIPHSIRSI-QSD--RKA-----WAAFYVYKLQPLTFLLDFSVDGYIRRAIDCGFNDLSQLHCSYESFDVESGVYSVSSFEAKPSGSVVEQ-AEGVECD--FSPLL---SGTPPQVYNFKRLVFTNCNYNLTKLLSL-FSVNDFTCSQISPAAIASNCYSSLILDYFSYPLSMKSDLSVSSAGPISQFNYKQSFSNPTCLILATVPHNLTT-----I----------------------TKPLKYSYINKCSRLLSDD-RTEVPQLVN-------------------ANQYS-------PCVSIVPSTVWEDGD------------YYRKQLSPLEGGG-----------------WLVASGST------------------------------------------VAMTEQLQMGFGITVQYGTDTNSVCPKLEFAN-DTKIASQLGNCVEYSLYGVSGRGVFQN-CTAVGVRQQRFVYDAYQNLVGYYSD-DGNYYCLRACVSVPVSVIYDK--ETKTHATLFGSVACEHI------------------------YGPLQTPVGCVLGLVNSSL-FVE--DCKLPLGQSLCALPDT-------------PGEMRLASIAFNHPIQVD---QLNSSYFKLSIPTNFSFGVTQEYIQTTIQKVTVDCKQYVCNGFQKCEQLLREYGQFCSKINQALHGANLRQDDSVRNLFASVKSSQ--SSPIIPG---FGGDFNLTLLEPV----------------ARSAIEDLLFDKVTIADPGYMQGYDDCM-QQGPASARDLICAQYVAGYKVLPPLMDVNMEAAYTSSLLGSIAGVGWTAGLSSFAAIPFAQSIFYRLNGVGITQQVLSENQKLIANKFNQALGAMQTGFTTTNEAFQKVQDAVNNNAQALSKLASELSNTFGAISASIGDIIQRLDPPEQDAQIDRLINGRLTTLNAFVAQQLVRSESAALSAQLAKDKVNECVKAQSKRSGFCGQGTHIVSFVVNAPNGLYFMHVGYYPSNHIEVVSAYGLCDAANPTNCIAPVNGYFIKT------------EWSYTGSSFYAPEPIT-SLNTKYVAP-QVTYQNISTNLPPPLLG-------------------------------------------------------------------------------------------------------------------------------------------,0,PDB.6Q04:B,20200505
10,------------------------TVDVGPDSVKSACIEVD--------IQQTFFD---KTWPRPIDVSKADGIIYPQGRTYSNITITYQGLFPYQGDHGDMYVYSAGHA--TG-------TTPQKLFVANYSQDVKQFANGFVVRIGAAANSTGTVIISP--STSATIRKIYPAFMLGSSVGNFSD-GKMGRFFNHTLVLLPDGCGTLLRAFYCILEPRSGNHCPAGNSY--TSFATYHTPATDCS-DGNYNRNASLNSFKEYFNLRNCTFMY---TYNITEDE--ILEW-------FGITQTAQGVHLFSSRYVDLYG-----------GNMFQFATLPVYDT---IKYYSIIPHSIRSI-QSD--RKA-----WAAFYVYKLQPLTFLLDFSVDGYIRRAIDCGFNDLSQLHCSYESFDVESGVYSVSSFEAKPSGSVVEQ-AEGVECD--FSPLL---SGTPPQVYNFKRLVFTNCNYNLTKLLSL-FSVNDFTCSQISPAAIASNCYSSLILDYFSYPLSMKSDLSVSSAGPISQFNYKQSFSNPTCLILATVPHNLTT-----I----------------------TKPLKYSYINKCSRLLSDD-RTEVPQLVN-------------------ANQYS-------PCVSIVPSTVWEDGD------------YYRKQLSPLEGGG-----------------WLVASGST------------------------------------------VAMTEQLQMGFGITVQYGTDTNSVCPKLEFAN-DTKIASQLGNCVEYSLYGVSGRGVFQN-CTAVGVRQQRFVYDAYQNLVGYYSD-DGNYYCLRACVSVPVSVIYDK--ETKTHATLFGSVACEHI------------------------YGPLQTPVGCVLGLVNSSL-FVE--DCKLPLGQSLCALPDT-------------PGEMRLASIAFNHPIQVD---QLNSSYFKLSIPTNFSFGVTQEYIQTTIQKVTVDCKQYVCNGFQKCEQLLREYGQFCSKINQALHGANLRQDDSVRNLFASVKSSQ--SSPIIPG---FGGDFNLTLLEPV----------------ARSAIEDLLFDKVTIADPGYMQGYDDCM-QQGPASARDLICAQYVAGYKVLPPLMDVNMEAAYTSSLLGSIAGVGWTAGLSSFAAIPFAQSIFYRLNGVGITQQVLSENQKLIANKFNQALGAMQTGFTTTNEAFQKVQDAVNNNAQALSKLASELSNTFGAISASIGDIIQRLDPPEQDAQIDRLINGRLTTLNAFVAQQLVRSESAALSAQLAKDKVNECVKAQSKRSGFCGQGTHIVSFVVNAPNGLYFMHVGYYPSNHIEVVSAYGLCDAANPTNCIAPVNGYFIKT------------EWSYTGSSFYAPEPIT-SLNTKYVAP-QVTYQNISTNLPPPLLG-------------------------------------------------------------------------------------------------------------------------------------------,0,PDB.6Q04:C,20200505
11,------------------------TVDVGPDSVKSACIEVD--------IQQTFFD---KTWPRPIDVSKADGIIYPQGRTYSNITITYQGLFPYQGDHGDMYVYSAGHA--TG-------TTPQKLFVANYSQDVKQFANGFVVRIGAAANSTGTVIISP--STSATIRKIYPAFMLGSSVGNFSD-GKMGRFFNHTLVLLPDGCGTLLRAFYCILEPRSGNHCPAGNSY--TSFATYHTPATDCS-DGNYNRNASLNSFKEYFNLRNCTFMY---TYNITEDE--ILEW-------FGITQTAQGVHLFSSRYVDLYG-----------GNMFQFATLPVYDT---IKYYSIIPHSIRSI-QSD--RKA-----WAAFYVYKLQPLTFLLDFSVDGYIRRAIDCGFNDLSQLHCSYESFDVESGVYSVSSFEAKPSGSVVEQ-AEGVECD--FSPLL---SGTPPQVYNFKRLVFTNCNYNLTKLLSL-FSVNDFTCSQISPAAIASNCYSSLILDYFSYPLSMKSDLSVSSAGPISQFNYKQSFSNPTCLILATVPHNLTT-----I----------------------TKPLKYSYINKCSRLLSDD-RTEVPQLVN-------------------ANQYS-------PCVSIVPSTVWEDGD------------YYRKQLSPLEGGG-----------------WLVASGST------------------------------------------VAMTEQLQMGFGITVQYGTDTNSVCPKLEFAN-DTKIASQLGNCVEYSLYGVSGRGVFQN-CTAVGVRQQRFVYDAYQNLVGYYSD-DGNYYCLRACVSVPVSVIYDK--ETKTHATLFGSVACEHI------------------------YGPLQTPVGCVLGLVNSSL-FVE--DCKLPLGQSLCALPDT-------------PGEMRLASIAFNHPIQVD---QLNSSYFKLSIPTNFSFGVTQEYIQTTIQKVTVDCKQYVCNGFQKCEQLLREYGQFCSKINQALHGANLRQDDSVRNLFASVKSSQ--SSPIIPG---FGGDFNLTLLEPV----------------ARSAIEDLLFDKVTIADPGYMQGYDDCM-QQGPASARDLICAQYVAGYKVLPPLMDVNMEAAYTSSLLGSIAGVGWTAGLSSFAAIPFAQSIFYRLNGVGITQQVLSENQKLIANKFNQALGAMQTGFTTTNEAFQKVQDAVNNNAQALSKLASELSNTFGAISASIGDIIQRLDPPEQDAQIDRLINGRLTTLNAFVAQQLVRSESAALSAQLAKDKVNECVKAQSKRSGFCGQGTHIVSFVVNAPNGLYFMHVGYYPSNHIEVVSAYGLCDAANPTNCIAPVNGYFIKT------------EWSYTGSSFYAPEPIT-SLNTKYVAP-QVTYQNISTNLPPPLLG-------------------------------------------------------------------------------------------------------------------------------------------,0,PDB.6Q05:A,20200505
12,------------------------TVDVGPDSVKSACIEVD--------IQQTFFD---KTWPRPIDVSKADGIIYPQGRTYSNITITYQGLFPYQGDHGDMYVYSAGHA--TG-------TTPQKLFVANYSQDVKQFANGFVVRIGAAANSTGTVIISP--STSATIRKIYPAFMLGSSVGNFSD-GKMGRFFNHTLVLLPDGCGTLLRAFYCILEPRSGNHCPAGNSY--TSFATYHTPATDCS-DGNYNRNASLNSFKEYFNLRNCTFMY---TYNITEDE--ILEW-------FGITQTAQGVHLFSSRYVDLYG-----------GNMFQFATLPVYDT---IKYYSIIPHSIRSI-QSD--RKA-----WAAFYVYKLQPLTFLLDFSVDGYIRRAIDCGFNDLSQLHCSYESFDVESGVYSVSSFEAKPSGSVVEQ-AEGVECD--FSPLL---SGTPPQVYNFKRLVFTNCNYNLTKLLSL-FSVNDFTCSQISPAAIASNCYSSLILDYFSYPLSMKSDLSVSSAGPISQFNYKQSFSNPTCLILATVPHNLTT-----I----------------------TKPLKYSYINKCSRLLSDD-RTEVPQLVN-------------------ANQYS-------PCVSIVPSTVWEDGD------------YYRKQLSPLEGGG-----------------WLVASGST------------------------------------------VAMTEQLQMGFGITVQYGTDTNSVCPKLEFAN-DTKIASQLGNCVEYSLYGVSGRGVFQN-CTAVGVRQQRFVYDAYQNLVGYYSD-DGNYYCLRACVSVPVSVIYDK--ETKTHATLFGSVACEHI------------------------YGPLQTPVGCVLGLVNSSL-FVE--DCKLPLGQSLCALPDT-------------PGEMRLASIAFNHPIQVD---QLNSSYFKLSIPTNFSFGVTQEYIQTTIQKVTVDCKQYVCNGFQKCEQLLREYGQFCSKINQALHGANLRQDDSVRNLFASVKSSQ--SSPIIPG---FGGDFNLTLLEPV----------------ARSAIEDLLFDKVTIADPGYMQGYDDCM-QQGPASARDLICAQYVAGYKVLPPLMDVNMEAAYTSSLLGSIAGVGWTAGLSSFAAIPFAQSIFYRLNGVGITQQVLSENQKLIANKFNQALGAMQTGFTTTNEAFQKVQDAVNNNAQALSKLASELSNTFGAISASIGDIIQRLDPPEQDAQIDRLINGRLTTLNAFVAQQLVRSESAALSAQLAKDKVNECVKAQSKRSGFCGQGTHIVSFVVNAPNGLYFMHVGYYPSNHIEVVSAYGLCDAANPTNCIAPVNGYFIKT------------EWSYTGSSFYAPEPIT-SLNTKYVAP-QVTYQNISTNLPPPLLG-------------------------------------------------------------------------------------------------------------------------------------------,0,PDB.6Q05:B,20200505
13,------------------------TVDVGPDSVKSACIEVD--------IQQTFFD---KTWPRPIDVSKADGIIYPQGRTYSNITITYQGLFPYQGDHGDMYVYSAGHA--TG-------TTPQKLFVANYSQDVKQFANGFVVRIGAAANSTGTVIISP--STSATIRKIYPAFMLGSSVGNFSD-GKMGRFFNHTLVLLPDGCGTLLRAFYCILEPRSGNHCPAGNSY--TSFATYHTPATDCS-DGNYNRNASLNSFKEYFNLRNCTFMY---TYNITEDE--ILEW-------FGITQTAQGVHLFSSRYVDLYG-----------GNMFQFATLPVYDT---IKYYSIIPHSIRSI-QSD--RKA-----WAAFYVYKLQPLTFLLDFSVDGYIRRAIDCGFNDLSQLHCSYESFDVESGVYSVSSFEAKPSGSVVEQ-AEGVECD--FSPLL---SGTPPQVYNFKRLVFTNCNYNLTKLLSL-FSVNDFTCSQISPAAIASNCYSSLILDYFSYPLSMKSDLSVSSAGPISQFNYKQSFSNPTCLILATVPHNLTT-----I----------------------TKPLKYSYINKCSRLLSDD-RTEVPQLVN-------------------ANQYS-------PCVSIVPSTVWEDGD------------YYRKQLSPLEGGG-----------------WLVASGST------------------------------------------VAMTEQLQMGFGITVQYGTDTNSVCPKLEFAN-DTKIASQLGNCVEYSLYGVSGRGVFQN-CTAVGVRQQRFVYDAYQNLVGYYSD-DGNYYCLRACVSVPVSVIYDK--ETKTHATLFGSVACEHI------------------------YGPLQTPVGCVLGLVNSSL-FVE--DCKLPLGQSLCALPDT-------------PGEMRLASIAFNHPIQVD---QLNSSYFKLSIPTNFSFGVTQEYIQTTIQKVTVDCKQYVCNGFQKCEQLLREYGQFCSKINQALHGANLRQDDSVRNLFASVKSSQ--SSPIIPG---FGGDFNLTLLEPV----------------ARSAIEDLLFDKVTIADPGYMQGYDDCM-QQGPASARDLICAQYVAGYKVLPPLMDVNMEAAYTSSLLGSIAGVGWTAGLSSFAAIPFAQSIFYRLNGVGITQQVLSENQKLIANKFNQALGAMQTGFTTTNEAFQKVQDAVNNNAQALSKLASELSNTFGAISASIGDIIQRLDPPEQDAQIDRLINGRLTTLNAFVAQQLVRSESAALSAQLAKDKVNECVKAQSKRSGFCGQGTHIVSFVVNAPNGLYFMHVGYYPSNHIEVVSAYGLCDAANPTNCIAPVNGYFIKT------------EWSYTGSSFYAPEPIT-SLNTKYVAP-QVTYQNISTNLPPPLLG-------------------------------------------------------------------------------------------------------------------------------------------,0,PDB.6Q05:C,20200505
14,------------------------TVDVGPDSVKSACIEVD--------IQQTFFD---KTWPRPIDVSKADGIIYPQGRTYSNITITYQGLFPYQGDHGDMYVYSAGHA--TG-------TTPQKLFVANYSQDVKQFANGFVVRIGAAANSTGTVIISP--STSATIRKIYPAFMLGSSVGNFSD-GKMGRFFNHTLVLLPDGCGTLLRAFYCILEPRSGNHCPAGNSY--TSFATYHTPATDCS-DGNYNRNASLNSFKEYFNLRNCTFMY---TYNITEDE--ILEW-------FGITQTAQGVHLFSSRYVDLYG-----------GNMFQFATLPVYDT---IKYYSIIPHSIRSI-QSD--RKA-----WAAFYVYKLQPLTFLLDFSVDGYIRRAIDCGFNDLSQLHCSYESFDVESGVYSVSSFEAKPSGSVVEQ-AEGVECD--FSPLL---SGTPPQVYNFKRLVFTNCNYNLTKLLSL-FSVNDFTCSQISPAAIASNCYSSLILDYFSYPLSMKSDLSVSSAGPISQFNYKQSFSNPTCLILATVPHNLTT-----I----------------------TKPLKYSYINKCSRLLSDD-RTEVPQLVN-------------------ANQYS-------PCVSIVPSTVWEDGD------------YYRKQLSPLEGGG-----------------WLVASGST------------------------------------------VAMTEQLQMGFGITVQYGTDTNSVCPKLEFAN-DTKIASQLGNCVEYSLYGVSGRGVFQN-CTAVGVRQQRFVYDAYQNLVGYYSD-DGNYYCLRACVSVPVSVIYDK--ETKTHATLFGSVACEHI------------------------YGPLQTPVGCVLGLVNSSL-FVE--DCKLPLGQSLCALPDT-------------PGEMRLASIAFNHPIQVD---QLNSSYFKLSIPTNFSFGVTQEYIQTTIQKVTVDCKQYVCNGFQKCEQLLREYGQFCSKINQALHGANLRQDDSVRNLFASVKSSQ--SSPIIPG---FGGDFNLTLLEPV----------------ARSAIEDLLFDKVTIADPGYMQGYDDCM-QQGPASARDLICAQYVAGYKVLPPLMDVNMEAAYTSSLLGSIAGVGWTAGLSSFAAIPFAQSIFYRLNGVGITQQVLSENQKLIANKFNQALGAMQTGFTTTNEAFQKVQDAVNNNAQALSKLASELSNTFGAISASIGDIIQRLDPPEQDAQIDRLINGRLTTLNAFVAQQLVRSESAALSAQLAKDKVNECVKAQSKRSGFCGQGTHIVSFVVNAPNGLYFMHVGYYPSNHIEVVSAYGLCDAANPTNCIAPVNGYFIKT------------EWSYTGSSFYAPEPIT-SLNTKYVAP-QVTYQNISTNLPPPLLG-------------------------------------------------------------------------------------------------------------------------------------------,0,PDB.6Q06:A,20200505
15,------------------------TVDVGPDSVKSACIEVD--------IQQTFFD---KTWPRPIDVSKADGIIYPQGRTYSNITITYQGLFPYQGDHGDMYVYSAGHA--TG-------TTPQKLFVANYSQDVKQFANGFVVRIGAAANSTGTVIISP--STSATIRKIYPAFMLGSSVGNFSD-GKMGRFFNHTLVLLPDGCGTLLRAFYCILEPRSGNHCPAGNSY--TSFATYHTPATDCS-DGNYNRNASLNSFKEYFNLRNCTFMY---TYNITEDE--ILEW-------FGITQTAQGVHLFSSRYVDLYG-----------GNMFQFATLPVYDT---IKYYSIIPHSIRSI-QSD--RKA-----WAAFYVYKLQPLTFLLDFSVDGYIRRAIDCGFNDLSQLHCSYESFDVESGVYSVSSFEAKPSGSVVEQ-AEGVECD--FSPLL---SGTPPQVYNFKRLVFTNCNYNLTKLLSL-FSVNDFTCSQISPAAIASNCYSSLILDYFSYPLSMKSDLSVSSAGPISQFNYKQSFSNPTCLILATVPHNLTT-----I----------------------TKPLKYSYINKCSRLLSDD-RTEVPQLVN-------------------ANQYS-------PCVSIVPSTVWEDGD------------YYRKQLSPLEGGG-----------------WLVASGST------------------------------------------VAMTEQLQMGFGITVQYGTDTNSVCPKLEFAN-DTKIASQLGNCVEYSLYGVSGRGVFQN-CTAVGVRQQRFVYDAYQNLVGYYSD-DGNYYCLRACVSVPVSVIYDK--ETKTHATLFGSVACEHI------------------------YGPLQTPVGCVLGLVNSSL-FVE--DCKLPLGQSLCALPDT-------------PGEMRLASIAFNHPIQVD---QLNSSYFKLSIPTNFSFGVTQEYIQTTIQKVTVDCKQYVCNGFQKCEQLLREYGQFCSKINQALHGANLRQDDSVRNLFASVKSSQ--SSPIIPG---FGGDFNLTLLEPV----------------ARSAIEDLLFDKVTIADPGYMQGYDDCM-QQGPASARDLICAQYVAGYKVLPPLMDVNMEAAYTSSLLGSIAGVGWTAGLSSFAAIPFAQSIFYRLNGVGITQQVLSENQKLIANKFNQALGAMQTGFTTTNEAFQKVQDAVNNNAQALSKLASELSNTFGAISASIGDIIQRLDPPEQDAQIDRLINGRLTTLNAFVAQQLVRSESAALSAQLAKDKVNECVKAQSKRSGFCGQGTHIVSFVVNAPNGLYFMHVGYYPSNHIEVVSAYGLCDAANPTNCIAPVNGYFIKT------------EWSYTGSSFYAPEPIT-SLNTKYVAP-QVTYQNISTNLPPPLLG-------------------------------------------------------------------------------------------------------------------------------------------,0,PDB.6Q06:B,20200505
16,------------------------TVDVGPDSVKSACIEVD--------IQQTFFD---KTWPRPIDVSKADGIIYPQGRTYSNITITYQGLFPYQGDHGDMYVYSAGHA--TG-------TTPQKLFVANYSQDVKQFANGFVVRIGAAANSTGTVIISP--STSATIRKIYPAFMLGSSVGNFSD-GKMGRFFNHTLVLLPDGCGTLLRAFYCILEPRSGNHCPAGNSY--TSFATYHTPATDCS-DGNYNRNASLNSFKEYFNLRNCTFMY---TYNITEDE--ILEW-------FGITQTAQGVHLFSSRYVDLYG-----------GNMFQFATLPVYDT---IKYYSIIPHSIRSI-QSD--RKA-----WAAFYVYKLQPLTFLLDFSVDGYIRRAIDCGFNDLSQLHCSYESFDVESGVYSVSSFEAKPSGSVVEQ-AEGVECD--FSPLL---SGTPPQVYNFKRLVFTNCNYNLTKLLSL-FSVNDFTCSQISPAAIASNCYSSLILDYFSYPLSMKSDLSVSSAGPISQFNYKQSFSNPTCLILATVPHNLTT-----I----------------------TKPLKYSYINKCSRLLSDD-RTEVPQLVN-------------------ANQYS-------PCVSIVPSTVWEDGD------------YYRKQLSPLEGGG-----------------WLVASGST------------------------------------------VAMTEQLQMGFGITVQYGTDTNSVCPKLEFAN-DTKIASQLGNCVEYSLYGVSGRGVFQN-CTAVGVRQQRFVYDAYQNLVGYYSD-DGNYYCLRACVSVPVSVIYDK--ETKTHATLFGSVACEHI------------------------YGPLQTPVGCVLGLVNSSL-FVE--DCKLPLGQSLCALPDT-------------PGEMRLASIAFNHPIQVD---QLNSSYFKLSIPTNFSFGVTQEYIQTTIQKVTVDCKQYVCNGFQKCEQLLREYGQFCSKINQALHGANLRQDDSVRNLFASVKSSQ--SSPIIPG---FGGDFNLTLLEPV----------------ARSAIEDLLFDKVTIADPGYMQGYDDCM-QQGPASARDLICAQYVAGYKVLPPLMDVNMEAAYTSSLLGSIAGVGWTAGLSSFAAIPFAQSIFYRLNGVGITQQVLSENQKLIANKFNQALGAMQTGFTTTNEAFQKVQDAVNNNAQALSKLASELSNTFGAISASIGDIIQRLDPPEQDAQIDRLINGRLTTLNAFVAQQLVRSESAALSAQLAKDKVNECVKAQSKRSGFCGQGTHIVSFVVNAPNGLYFMHVGYYPSNHIEVVSAYGLCDAANPTNCIAPVNGYFIKT------------EWSYTGSSFYAPEPIT-SLNTKYVAP-QVTYQNISTNLPPPLLG-------------------------------------------------------------------------------------------------------------------------------------------,0,PDB.6Q06:C,20200505
17,------------------------TVDVGPDSVKSACIEVD--------IQQTFFD---KTWPRPIDVSKADGIIYPQGRTYSNITITYQGLFPYQGDHGDMYVYSAGHA--TG-------TTPQKLFVANYSQDVKQFANGFVVRIGAAANSTGTVIISP--STSATIRKIYPAFMLGSSVGNFSD-GKMGRFFNHTLVLLPDGCGTLLRAFYCILEPRSGNHCPAGNSY--TSFATYHTPATDCS-DGNYNRNASLNSFKEYFNLRNCTFMY---TYNITEDE--ILEW-------FGITQTAQGVHLFSSRYVDLYG-----------GNMFQFATLPVYDT---IKYYSIIPHSIRSI-QSD--RKA-----WAAFYVYKLQPLTFLLDFSVDGYIRRAIDCGFNDLSQLHCSYESFDVESGVYSVSSFEAKPSGSVVEQ-AEGVECD--FSPLL---SGTPPQVYNFKRLVFTNCNYNLTKLLSL-FSVNDFTCSQISPAAIASNCYSSLILDYFSYPLSMKSDLSVSSAGPISQFNYKQSFSNPTCLILATVPHNLTT-----I----------------------TKPLKYSYINKCSRLLSDD-RTEVPQLVN-------------------ANQYS-------PCVSIVPSTVWEDGD------------YYRKQLSPLEGGG-----------------WLVASGST------------------------------------------VAMTEQLQMGFGITVQYGTDTNSVCPKLEFAN-DTKIASQLGNCVEYSLYGVSGRGVFQN-CTAVGVRQQRFVYDAYQNLVGYYSD-DGNYYCLRACVSVPVSVIYDK--ETKTHATLFGSVACEHI------------------------YGPLQTPVGCVLGLVNSSL-FVE--DCKLPLGQSLCALPDT-------------PGEMRLASIAFNHPIQVD---QLNSSYFKLSIPTNFSFGVTQEYIQTTIQKVTVDCKQYVCNGFQKCEQLLREYGQFCSKINQALHGANLRQDDSVRNLFASVKSSQ--SSPIIPG---FGGDFNLTLLEPV----------------ARSAIEDLLFDKVTIADPGYMQGYDDCM-QQGPASARDLICAQYVAGYKVLPPLMDVNMEAAYTSSLLGSIAGVGWTAGLSSFAAIPFAQSIFYRLNGVGITQQVLSENQKLIANKFNQALGAMQTGFTTTNEAFQKVQDAVNNNAQALSKLASELSNTFGAISASIGDIIQRLDPPEQDAQIDRLINGRLTTLNAFVAQQLVRSESAALSAQLAKDKVNECVKAQSKRSGFCGQGTHIVSFVVNAPNGLYFMHVGYYPSNHIEVVSAYGLCDAANPTNCIAPVNGYFIKT------------EWSYTGSSFYAPEPIT-SLNTKYVAP-QVTYQNISTNLPPPLLG-------------------------------------------------------------------------------------------------------------------------------------------,0,PDB.6Q07:A,20200505
18,------------------------TVDVGPDSVKSACIEVD--------IQQTFFD---KTWPRPIDVSKADGIIYPQGRTYSNITITYQGLFPYQGDHGDMYVYSAGHA--TG-------TTPQKLFVANYSQDVKQFANGFVVRIGAAANSTGTVIISP--STSATIRKIYPAFMLGSSVGNFSD-GKMGRFFNHTLVLLPDGCGTLLRAFYCILEPRSGNHCPAGNSY--TSFATYHTPATDCS-DGNYNRNASLNSFKEYFNLRNCTFMY---TYNITEDE--ILEW-------FGITQTAQGVHLFSSRYVDLYG-----------GNMFQFATLPVYDT---IKYYSIIPHSIRSI-QSD--RKA-----WAAFYVYKLQPLTFLLDFSVDGYIRRAIDCGFNDLSQLHCSYESFDVESGVYSVSSFEAKPSGSVVEQ-AEGVECD--FSPLL---SGTPPQVYNFKRLVFTNCNYNLTKLLSL-FSVNDFTCSQISPAAIASNCYSSLILDYFSYPLSMKSDLSVSSAGPISQFNYKQSFSNPTCLILATVPHNLTT-----I----------------------TKPLKYSYINKCSRLLSDD-RTEVPQLVN-------------------ANQYS-------PCVSIVPSTVWEDGD------------YYRKQLSPLEGGG-----------------WLVASGST------------------------------------------VAMTEQLQMGFGITVQYGTDTNSVCPKLEFAN-DTKIASQLGNCVEYSLYGVSGRGVFQN-CTAVGVRQQRFVYDAYQNLVGYYSD-DGNYYCLRACVSVPVSVIYDK--ETKTHATLFGSVACEHI------------------------YGPLQTPVGCVLGLVNSSL-FVE--DCKLPLGQSLCALPDT-------------PGEMRLASIAFNHPIQVD---QLNSSYFKLSIPTNFSFGVTQEYIQTTIQKVTVDCKQYVCNGFQKCEQLLREYGQFCSKINQALHGANLRQDDSVRNLFASVKSSQ--SSPIIPG---FGGDFNLTLLEPV----------------ARSAIEDLLFDKVTIADPGYMQGYDDCM-QQGPASARDLICAQYVAGYKVLPPLMDVNMEAAYTSSLLGSIAGVGWTAGLSSFAAIPFAQSIFYRLNGVGITQQVLSENQKLIANKFNQALGAMQTGFTTTNEAFQKVQDAVNNNAQALSKLASELSNTFGAISASIGDIIQRLDPPEQDAQIDRLINGRLTTLNAFVAQQLVRSESAALSAQLAKDKVNECVKAQSKRSGFCGQGTHIVSFVVNAPNGLYFMHVGYYPSNHIEVVSAYGLCDAANPTNCIAPVNGYFIKT------------EWSYTGSSFYAPEPIT-SLNTKYVAP-QVTYQNISTNLPPPLLG-------------------------------------------------------------------------------------------------------------------------------------------,0,PDB.6Q07:B,20200505
19,------------------------TVDVGPDSVKSACIEVD--------IQQTFFD---KTWPRPIDVSKADGIIYPQGRTYSNITITYQGLFPYQGDHGDMYVYSAGHA--TG-------TTPQKLFVANYSQDVKQFANGFVVRIGAAANSTGTVIISP--STSATIRKIYPAFMLGSSVGNFSD-GKMGRFFNHTLVLLPDGCGTLLRAFYCILEPRSGNHCPAGNSY--TSFATYHTPATDCS-DGNYNRNASLNSFKEYFNLRNCTFMY---TYNITEDE--ILEW-------FGITQTAQGVHLFSSRYVDLYG-----------GNMFQFATLPVYDT---IKYYSIIPHSIRSI-QSD--RKA-----WAAFYVYKLQPLTFLLDFSVDGYIRRAIDCGFNDLSQLHCSYESFDVESGVYSVSSFEAKPSGSVVEQ-AEGVECD--FSPLL---SGTPPQVYNFKRLVFTNCNYNLTKLLSL-FSVNDFTCSQISPAAIASNCYSSLILDYFSYPLSMKSDLSVSSAGPISQFNYKQSFSNPTCLILATVPHNLTT-----I----------------------TKPLKYSYINKCSRLLSDD-RTEVPQLVN-------------------ANQYS-------PCVSIVPSTVWEDGD------------YYRKQLSPLEGGG-----------------WLVASGST------------------------------------------VAMTEQLQMGFGITVQYGTDTNSVCPKLEFAN-DTKIASQLGNCVEYSLYGVSGRGVFQN-CTAVGVRQQRFVYDAYQNLVGYYSD-DGNYYCLRACVSVPVSVIYDK--ETKTHATLFGSVACEHI------------------------YGPLQTPVGCVLGLVNSSL-FVE--DCKLPLGQSLCALPDT-------------PGEMRLASIAFNHPIQVD---QLNSSYFKLSIPTNFSFGVTQEYIQTTIQKVTVDCKQYVCNGFQKCEQLLREYGQFCSKINQALHGANLRQDDSVRNLFASVKSSQ--SSPIIPG---FGGDFNLTLLEPV----------------ARSAIEDLLFDKVTIADPGYMQGYDDCM-QQGPASARDLICAQYVAGYKVLPPLMDVNMEAAYTSSLLGSIAGVGWTAGLSSFAAIPFAQSIFYRLNGVGITQQVLSENQKLIANKFNQALGAMQTGFTTTNEAFQKVQDAVNNNAQALSKLASELSNTFGAISASIGDIIQRLDPPEQDAQIDRLINGRLTTLNAFVAQQLVRSESAALSAQLAKDKVNECVKAQSKRSGFCGQGTHIVSFVVNAPNGLYFMHVGYYPSNHIEVVSAYGLCDAANPTNCIAPVNGYFIKT------------EWSYTGSSFYAPEPIT-SLNTKYVAP-QVTYQNISTNLPPPLLG-------------------------------------------------------------------------------------------------------------------------------------------,0,PDB.6Q07:C,20200505
20,MIHSVFLLMFLLTPT-------ESYVDVGPDSVKSACIEVD--------IQQTFFD---KTWPRPIDVSKADGIIYPQGRTYSNITITYQGLFPYQGDHGDMYVYSAGHA--TG-------TTPQKLFVANYSQDVKQFANGFVVRIGAAANSTGTVIISP--STSATIRKIYPAFMLGSSVGNFSD-GKMGRFFNHTLVLLPDGCGTLLRAFYCILEPRSGNHCPAGNSY--TSFATYHTPATDCS-DGNYNRNASLNSFKEYFNLRNCTFMY---TYNITEDE--ILEW-------FGITQTAQGVHLFSSRYVDLYG-----------GNMFQFATLPVYDT---IKYYSIIPHSIRSI-QSD--RKA-----WAAFYVYKLQPLTFLLDFSVDGYIRRAIDCGFNDLSQLHCSYESFDVESGVYSVSSFEAKPSGSVVEQ-AEGVECD--FSPLL---SGTPPQVYNFKRLVFTNCNYNLTKLLSL-FSVNDFTCSQISPAAIASNCYSSLILDYFSYPLSMKSDLSVSSAGPISQFNYKQSFSNPTCLILATVPHNLTT-----I----------------------TKPLKYSYINKCSRFLSDD-RTEVPQLVN-------------------ANQYS-------PCVSIVPSTVWEDGD------------YYRKQLSPLEGGG-----------------WLVASGST------------------------------------------VAMTEQLQMGFGITVQYGTDTNSVCPKLEFAN-DTKIASQLGNCVEYSLYGVSGRGVFQN-CTAVGVRQQRFVYDAYQNLVGYYSD-DGNYYCLRACVSVPVSVIYDK--ETKTHATLFGSVACEHISSTMSQY-SRSTRS-MLKRRD-STYGPLQTPVGCVLGLVNSSL-FVE--DCKLPLGQSLCALPDTPSTLTPRS-VRSVPGEMRLASIAFNHPIQVD---QLNSSYFKLSIPTNFSFGVTQEYIQTTIQKVTVDCKQYVCNGFQKCEQLLREYGQFCSKINQALHGANLRQDDSVRNLFASVKSSQ--SSPIIPG---FGGDFNLTLLEPVSISTG-S-R------SARSAIEDLLFDKVTIADPGYMQGYDDCM-QQGPASARDLICAQYVAGYKVLPPLMDVNMEAAYTSSLLGSIAGVGWTAGLSSFAAIPFAQSIFYRLNGVGITQQVLSENQKLIANKFNQALGAMQTGFTTTNEAFHKVQDAVNNNAQALSKLASELSNTFGAISASIGDIIQRLDVLEQDAQIDRLINGRLTTLNAFVAQQLVRSESAALSAQLAKDKVNECVKAQSKRSGFCGQGTHIVSFVVNAPNGLYFMHVGYYPSNHIEVVSAYGLCDAANPTNCIAPVNGYFIKTNNT-----RIVDEWSYTGSSFYAPEPIT-SLNTKYVAP-QVTYQNISTNLPPPLLGNSTGIDFQDELDEFFKNVSTSIPNFGS-----LTQINTTLLDLTYEMLSLQQVVKALNESYIDLKELGNYTYYNKWPWYIWLGFIAGLVALALCVFFILCCTGCGTNCMGKLKCNRCCDRYEEYDLEPHKVHVH-----,0,AFY13307.1,20200505
21,----------------------------------------------------------------------------------------------------------------------------------------------------------------------------------------------------------------------------------------------------------------------------------------------------------------------------------------------------------------------------------------------------------------------------------------------------------------VECD--FSPLL---SGTPPQVYNFKRLVFTNCNYNLTKLLSL-FSVNDFTCSQISPAAIASNCYSSLILDYFSYPLSMKSDLSVSSAGPISQFNYKQSFSNPTCLILATVPHNLTT-----I----------------------TKPLKYSYINKCSRFLSDD-RTEVPQLVN-------------------ANQYS-------PCVSIVPSTVWEDGD------------YYRKQLSPLEGGG-----------------WLVASGST------------------------------------------VAMTEQLQMGFGITVQYGTDTNSVCPKL-------------------------------------------------------------------------------------------------------------------------------------------------------------------------------------------------------------------------------------------------------------------------------------------------------------------------------------------------------------------------------------------------------------------------------------------------------------------------------------------------------------------------------------------------------------------------------------------------------------------------------------------------------------------------------------------------------------------------------------------------------------------------------------------------------------------------------------------,0,PDB.4ZPW:R,20200505
22,----------------------------------------------------------------------------------------------------------------------------------------------------------------------------------------------------------------------------------------------------------------------------------------------------------------------------------------------------------------------------------------------------------------------------------------------------------------VECD--FSPLL---SGTPPQVYNFKRLVFTNCNYNLTKLLSL-FSVNDFTCSQISPAAIASNCYSSLILDYFSYPLSMKSDLSVSSAGPISQFNYKQSFSNPTCLILATVPHNLTT-----I----------------------TKPLKYSYINKCSRFLSDD-RTEVPQLVN-------------------ANQYS-------PCVSIVPSTVWEDGD------------YYRKQLSPLEGGG-----------------WLVASGST------------------------------------------VAMTEQLQMGFGITVQYGTDTNSVCPKL-------------------------------------------------------------------------------------------------------------------------------------------------------------------------------------------------------------------------------------------------------------------------------------------------------------------------------------------------------------------------------------------------------------------------------------------------------------------------------------------------------------------------------------------------------------------------------------------------------------------------------------------------------------------------------------------------------------------------------------------------------------------------------------------------------------------------------------------,0,PDB.4ZPW:S,20200505
23,MFVFLVLLP--------------LVSSQCVNLT---------TRTQ-------LPPAYTNSFTRGVYYPDKVFRSSVLHSTQDLFLPFFSNVTWFH--AIHVSGTNG-------------TKRFDNPVLPFNDGVYFASTEKSNI-------------------IRGWIFGTTLDSKTQSLLI--VN--------------------NATNVVIKVCE---------FQFCNDPFLGVYYHKN-NKSWMESEFRVYSSANNCTFEYVSQPFLMDLEGKQGN-F--KNLREFVFKNIDGYFKIYSKHTPINLV----RDLPQGFSALEPLVDLPIGINITRFQTLLALHRSYLTP----GDSSSGWTAGAAAYYVGYLQPRTFLLKYNENGTITDAVDCALDPLSETKCTLKSFTVEKGIYQTSNFRVQPTESIVRF-PNITN-LCPFGEVF--NATRFASVYAWNRKRISNCVADYSVLYNS-ASFSTFKCYGVSPTKLNDLCFTNVYADSFVIRGDEVRQIAPGQTGKIADYNYKLPDDFTGCVIAWNSNNLDSKV---------------------------GGNYNYLYRLFRKSNLKPFERDISTEIYQ-------------------AGSTPCNGVEGFNCYF---------------------------PLQSY--------------------------GFQ-----------------------------------P-----TNGVGYQPYRVVVLSFELLHAPATVCGPK-K-----STNLVKNKCVNFNFNGLTGTGVLTE-SNKKFLPFQQFGRDIADTTDAVRDPQTLEILDITPCSFGGVSVITPGTNTSNQVAVLYQXVNCTEVPVAIHADQLTPTWRVYST-----GSNVFQTRAGCLIGAEHVNN----SYECDIPIGAGICASYQTQTNSPRRA-RSVA-----SQSIIAYTMSLG-AENSVAYSNNSIAIPTNFTISVTTEILPVSMTKTSVDCTMYICGDSTECSNLLLQYGSFCTQLNRALTGIAVEQDKNTQEVFAQVKQIY--KTPPIK----DFGGFNFSQILPDPS-----------KPSKRSFIEDLLFNKVTLADAGFIKQYGDCLG---DIAARDLICAQKFNGLTVLPPLLTDEMIAQYTSALLAGTITSGWTFGAGAALQIPFAMQMAYRFNGIGVTQNVLYENQKLIANQFNSAIGKIQDSLSSTASALGKLQDVVNQNAQALNTLVKQLSSNFGAISSVLNDILSRLDKVEAEVQIDRLITGRLQSLQTYVTQQLIRAAEIRASANLAATKMSECVLGQSKRVDFCGKGYHLMSFPQSAPHGVVFLHVTYVPAQEKNFTTAPAICHD---GKAHFPREGVFVSNGT----------HWFVTQRNFYEPQIIT-TDNTFVSGNCDVVIGIVNNTVYDPLQ--PELDSFKEELDKYFKNHTSPDVDLGD-----ISGINASVVNIQKEIDRLNEVAKNLNESLIDLQELGKYEQYIKWPWYIWLGFIAGLIAIVMVTIMLCCMTSCCSCLKGCCSCGSCCK-FDEDDSEPVLKGVKLHYT,8,QIS30105.1,20200505
24,--------------------------------------------------------AYTNSFTRGVYYPDKVFRSSVLHSTQDLFLPFFSNVTWFH----N-------------------------PVLPFNDGVYFASTEKSNI-------------------IRGWIFGTTLDSKTQSLLI--VN--------------------NATNVVIKVCE---------FQFCNDPFN------------------------NCTFEYVSFKNLREF----------------VFKN---YFKIYSKHTPIN-------DLPQGFSALEPLVDLPIGINITRFQTLL------------------------AAYYVGYLQPRTFLLKYNENGTITDAVDCALDPLSETKCTLKSFTVEKGIYQTSNFRVQPTESIVRF-PNITN-LCPFGEVF--NATRFASVYAWNRKRISNCVADYSVLYNS-ASFSTFKCYGVSPTKLNDLCFTNVYADSFVIRGDEVRQIAPGQTGKIADYNYKLPDDFTGCVIAWNSNNLDSKV---------------------------GGNYNYLYR-------KPFE-------------------------------------------R---------------------------PLQSY--------------------------GFQ-----------------------------------P-----TNGVGYQPYRVVVLSF------ATVCGPK-K-----STNLVKNKCVNFNFNGLTGTGVLTE-SNKKFLPFQQFGRDIADTTDAVRDPQTLEILDITPCSFGGVSVITPGTNTSNEVAVLYQDVNCTEV-------------------------NVFQTRAGCLIGAEHVNN----SYECDIPIGAGICASYQT------------------SQSIIAYTMSLG-AENSVAYSNNSIAIPTNFTISVTTEILPVSMTKTSVDCTMYICGDSTECSNLLLQYGSFCTQLNRALTGIAVEQDKNTQEVFAQVKQIY--KTPPIK----DFGGFNFSQILPDP------------SKSKRSFIEDLLFNKVTKFNG-----------------------------LTVLPPLLTDEMIAQYTSALLAGTITSGWTFGAGAALQIPFAMQMAYRFNGIGVTQNVLYENQKLIANQFNSAIGKIQDSLSSTASALGKLQDVVNQNAQALNTLVKQLSSNFGAISSVLNDILSRLDPPEAEVQIDRLITGRLQSLQTYVTQQLIRAAEIRASANLAATKMSECVLGQSKRVDFCGKGYHLMSFPQSAPHGVVFLHVTYVPAQEKNFTTAPAICHD---GKAHFPREGVFVSNGT----------HWFVTQRNFYEPQIIT-TDNTFVSGNCDVVIGIVNNTVYDPLQ--PELDS------------------------------------------------------------------------------------------------------------------------------------,8,PDB.6VYB:B,20200505
25,--------------------------------------------------------AYTNSFTRGVYYPDKVFRSSVLHSTQDLFLPFFSNVTWFH--AIH-------------------------PVLPFNDGVYFASTEKSNI-------------------IRGWIFGTTLDSK--SLLI--VN--------------------NATNVVIKVCE---------FQFCNDPFLGV-----------------------CTFEYVSFKNLREF----------------VFKNIDGYFKIYSKHTPINLV----RDLPQGFSALEPLVDLPIGINITRFQTLL------------------------AAYYVGYLQPRTFLLKYNENGTITDAVDCALDPLSETKCTLKSFTVEKGIYQTSNFRVQPTESIVRF-PNITN-LCPFGEVF--NATRFASVYAWNRKRISNCVADYSVLYNS-ASFSTFKCYGVSPTKLNDLCFTNVYADSFVIRGDEVRQIAPGQTGKIADYNYKLPDDFTGCVIAWNSNNLD--------------------------------NYNYLYRLFRKSNLKPFERDIST--------------------------------------F---------------------------PLQSY--------------------------GFQ-----------------------------------P-----TN-VGYQPYRVVVLSFELLHAPATVCGPK-K-----STNLVKNKCVNFNFNGLTGTGVLTE-SNKKFLPFQQFGRDIADTTDAVRDPQTLEILDITPCSFGGVSVITPGTNTSNEVAVLYQDVNCTEV-------------------------NVFQTRAGCLIGAEHVNN----SYECDIPIGAGICASYQT-------------------QSIIAYTMSLG-AENSVAYSNNSIAIPTNFTISVTTEILPVSMTKTSVDCTMYICGDSTECSNLLLQYGSFCTQLNRALTGIAVEQDKNTQEVFAQVKQIY--KTPPIK----DFGGFNFSQILPDP------------SKSKRSFIEDLLFNKV-TFNG-----------------------------LTVLPPLLTDEMIAQYTSALLAGTITSGWTFGAGAALQIPFAMQMAYRFNGIGVTQNVLYENQKLIANQFNSAIGKIQDSLSSTASALGKLQDVVNQNAQALNTLVKQLSSNFGAISSVLNDILSRLDPPEAEVQIDRLITGRLQSLQTYVTQQLIRAAEIRASANLAATKMSECVLGQSKRVDFCGKGYHLMSFPQSAPHGVVFLHVTYVPAQEKNFTTAPAICHD---GKAHFPREGVFVSNGT----------HWFVTQRNFYEPQIIT-TDNTFVSGNCDVVIGIVNNTVYDPLQ--PELDS------------------------------------------------------------------------------------------------------------------------------------,8,PDB.6VYB:A,20200505
26,--------------------------------------------------------AYTNSFTRGVYYPDKVFRSSVLHSTQDLFLPFFSNVTWFH----N-------------------------PVLPFNDGVYFASTEKSNI-------------------IRGWIFGTTLDSKTQSLLI--VN--------------------NATNVVIKVCE---------FQFCNDPFLGV----------------------NCTFEYVSFKNLREF----------------VFKNIDGYFKIYSKHTPINLV----RDLPQGFSALEPLVDLPIGINITRFQTLL-------------------------AYYVGYLQPRTFLLKYNENGTITDAVDCALDPLSETKCTLKSFTVEKGIYQTSNFRVQPTESIVRF-PNITN-LCPFGEVF--NATRFASVYAWNRKRISNCVADYSVLYNS-ASFSTFKCYGVSPTKLNDLCFTNVYADSFVIRGDEVRQIAPGQTGKIADYNYKLPDDFTGCVIAWNSNNLD--------------------------------SKNYNYLY-----RKPFERDIS---------------------------------------T---------------------------PLQSY--------------------------GFQ-----------------------------------P-----TNGVGYQPYRVVVLSFELLHAPATVCGPK-K-----STNLVKNKCVNFNFNGLTGTGVLTE-SNKKFLPFQQFGRDIADTTDAVRDPQTLEILDITPCSFGGVSVITPGTNTSNEVAVLYQDVNCTEV-------------------------NVFQTRAGCLIGAEHVNN----SYECDIPIGAGICASYQT-------------------QSIIAYTMSLG-AENSVAYSNNSIAIPTNFTISVTTEILPVSMTKTSVDCTMYICGDSTECSNLLLQYGSFCTQLNRALTGIAVEQDKNTQEVFAQVKQIY--KTPPIK----DFGGFNFSQILPDP------------SKSKRSFIEDLLFNKV-T-NG-----------------------------LTVLPPLLTDEMIAQYTSALLAGTITSGWTFGAGAALQIPFAMQMAYRFNGIGVTQNVLYENQKLIANQFNSAIGKIQDSLSSTASALGKLQDVVNQNAQALNTLVKQLSSNFGAISSVLNDILSRLDPPEAEVQIDRLITGRLQSLQTYVTQQLIRAAEIRASANLAATKMSECVLGQSKRVDFCGKGYHLMSFPQSAPHGVVFLHVTYVPAQEKNFTTAPAICHD---GKAHFPREGVFVSNGT----------HWFVTQRNFYEPQIIT-TDNTFVSGNCDVVIGIVNNTVYDPLQ--PELDS------------------------------------------------------------------------------------------------------------------------------------,8,PDB.6VYB:C,20200505
